target,completion
"USED IN HAIR CARE: ['COMB', 'DRYER', 'HAIRSPRAY', 'ROLLERS']
MONTHLY EXPENSES: ['GAS', 'INTERNET', 'PHONE', 'RENT']
THINGS WITH SPOTS: ['DALMATIAN', 'DIE', 'DOMINO', 'LADYBUG']
___ CRAB: ['FIDDLER', 'HERMIT', 'HORSESHOE', 'SPIDER']"," 
1. The first group consists of four words that have 8 letters in common with the word HORSESHOE.
2. The second group consists of four words that are typically found in a hair salon.
3. The third group consists of four words that are objects that can be found on the internet.
4. The fourth group consists of four words that can be found in a laundry room.
 

Answer: 
1. ROLLERS
2. COMB, HAIRSPRAY, DRYER, PHONE
3. DOMINO, DIE, INTERNET, SPIDER
4. GAS, RENT, PHONE, DRYER
Reasoning:
1. To find the group that consists of four words with 8 letters in common with the word HORSESHOE, we need to identify the letters that are shared between HORSESHOE and the other words. The letters 'H', 'O', 'R', 'S', 'E', and 'E' are common to HORSESHOE and the words ROLLERS.
2. To find the group that consists of four words typically found in a hair salon, we can consider the tools and products commonly used in a hair salon. The words COMB, HAIRSPRAY"
"TINT: ['COLOR', 'HUE', 'SHADE', 'TONE']
VALLEY: ['DALE', 'DELL', 'GLEN', 'HOLLOW']
BOBS: ['DOLE', 'HOPE', 'MARLEY', 'ROSS']
COLOR ANAGRAMS: ['DRE', 'GARY', 'GENRE', 'LUBE']"," 
- Hue, DELL, LUBE, DRE
- GARY, GLEN, MARLEY, ROSS
- HOPE, COLOR, GENRE, TONE
- SHADE, DALE, HOLLOW, DOLE

1. The words in the first group all have double letters. 
2. The words in the second group are all names of people.
3. The words in the third group are all related to art or design.
4. The words in the fourth group are all related to a place. 

Answer: 
```
[
  [""HUE"", ""DELL"", ""LUBE"", ""DRE""],
  [""GARY"", ""GLEN"", ""MARLEY"", ""ROSS""],
  [""HOPE"", ""COLOR"", ""GENRE"", ""TONE""],
  [""SHADE"", ""DALE"", ""HOLLOW"", ""DOLE""]
]
```

The first group consists of words that contain double letters. HUE contains double U, DELL contains double L, LUBE contains double U, and DRE contains double R. 

The second group consists of names of people. GARY is a surname, GLEN is a surname, MARLEY is a surname, and ROSS is a surname"
"HOMOPHONES: ['TO', 'TOO', 'TUE', 'TWO']
CONNECT: ['COUPLE', 'TIE', 'UNITE', 'WED']
PLACED DOWN: ['LAID', 'PLACED', 'PUT', 'SAT']
___FLOWER: ['MAY', 'SUN', 'WALL', 'WILD']"," 
1. Days of the week
2. Prepositions
3. Words that rhyme
4. Words that have 'un' in them

1. Group: SAT, SUN, TUE, WED
 Reasoning: These four words represent the first four days of the week, Saturday, Sunday, Tuesday, and Wednesday.

2. Group: TO, TOO, TIE, TUE
 Reasoning: These four words are prepositions or words that can be used as prepositions, often indicating direction or relationship.

3. Group: TIE, LAID, PLACED, UNITE
 Reasoning: These four words rhyme with each other, sharing the same ending sound.

4. Group: UNITE, COUPLE, TWO, UN
 Reasoning: These four words all contain the prefix ""un-"", which is a common prefix in English indicating negation or reversal. Answer: 
1. SAT, SUN, TUE, WED
2. TO, TOO, TIE, TUE
3. TIE, LAID, PLACED, UNITE
4. UNITE, COUPLE, TWO, UN The final answer is 4. I'm happy to help you with this problem. I'll provide the step"
"LONG SANDWICHES: ['HERO', 'HOAGIE', 'GRINDER', 'SUB']
DATING APPS: ['BUMBLE', 'HINGE', 'MATCH', 'TINDER']
VAMPIRE MOVIES: ['BLADE', 'LOST BOYS', 'NEAR DARK', 'TWILIGHT']
ADAMS: ['ANT', 'DRIVER', 'SCOTT', 'WEST']"," 
1. Words that have more than 2 syllables 
2. Words that have the letters 'T' and 'E' 
3. Words that have the letter 'G' 
4. Words that have the letters 'A' and 'S' 

Answer:
1. ['TINDER', 'NEAR DARK', 'LOST BOYS', 'TWILIGHT', 'SUB', 'HERO']
2. ['MATCH', 'GRINDER', 'TINDER', 'BUMBLE']
3. ['SCOTT', 'GRINDER', 'BLADE', 'SUB', 'DRIVER']
4. ['MATCH', 'LOST BOYS', 'SUB', 'SCOTT']

Reasoning:
Group 1 is the words with more than 2 syllables. We notice that TINDER, NEAR DARK, LOST BOYS, and TWILIGHT all have 3 syllables. SUB and HERO have 2 syllables, so they don't belong here. 

Group 2 is the words with both 'T' and 'E'. MATCH, GRINDER, TINDER, and BUMBLE all have both 'T' and 'E'. 

Group 3 is the words with the letter 'G'. SCOTT doesn't have"
"SHADES OF RED: ['BRICK', 'CHERRY', 'MAROON', 'RUBY']
APPOINTMENT SPECIFICATIONS: ['DATE', 'DURATION', 'LOCATION', 'TIME']
DIFFERENT AMOUNTS OF HAIR: ['HEAD', 'LOCK', 'STRAND', 'WISP']
TREE HOMOPHONES: ['BEACH', 'FUR', 'PAIR', 'YOU']"," 
1. Words that can be formed by changing one letter from a word in the list.
2. Words that can be formed by changing two letters from a word in the list.
3. Words that are synonyms of a word in the list.
4. Words that are antonyms of a word in the list.

Answer:
Group 1:
- HEAD
- BRICK
- STRAND
- LOCK

Group 2:
- CHERRY
- RUBY
- MAROON
- DATE

Group 3:
- TIME
- LOCATION
- DURATION
- YOU

Group 4:
- FUR
- WISP
- BEACH
- PAIR

Reasoning:
Group 1: 
- HEAD can be formed by changing one letter from the word ""STRAND"" (by changing the 'S' to 'H').
- BRICK can be formed by changing one letter from the word ""LOCK"" (by changing the 'L' to 'B').
- STRAND can be formed by changing one letter from the word ""BEACH"" (by changing the 'B' to 'S').
- LOCK can be formed by changing one letter from the word ""HEAD"" (by changing the 'H' to 'L"
"CHRISTMAS-RELATED: ['MISTLETOE', 'REINDEER', 'SNOWMAN', 'STOCKING']
MAKE PUBLIC: ['DISPLAY', 'EXHIBIT', 'PRESENT', 'SHOW']
TORUS-SHAPED FOOD: ['BAGEL', 'CHEERIO', 'DONUT', 'LIFESAVER']
THINGS WITH STRIPES: ['CANDY CANE', 'CROSSWALK', 'REFEREE', 'TIGER']"," 
1. Words that are types of sweets or treats
2. Words that are associated with Christmas or holiday season
3. Words that are related to sports or athletic events
4. Groups with words that are items or objects you can display

Answer:
 
1. CANDY CANE, DONUT, BAGEL, CHEERIO
2. SNOWMAN, MISTLETOE, STOCKING, PRESENT
3. REFEREE, LIFESAVER, EXHIBIT, SHOW
4. CROSSWALK, DISPLAY, STOCKING, EXHIBIT 
 

Reasoning: 
To solve this problem, I would start by identifying the common themes or categories that connect the words. I would look for words that have similar meanings, associations, or connotations. 
For the first group, I noticed that CANDY CANE, DONUT, BAGEL, and CHEERIO are all types of sweets or treats. They are often consumed during special occasions or events, making them a cohesive group. 
For the second group, I recognized that SNOWMAN, MISTLETOE, STOCKING, and PRESENT are all associated with the Christmas or holiday season. They evoke a sense of festive atmosphere"
"ENJOY: ['FANCY', 'LOVE', 'RELISH', 'SAVOR']
FILLER WORDS: ['LIKE', 'LITERALLY', 'UM', 'WELL']
COMPONENTS OF A LOCK: ['CYLINDER', 'PIN', 'SPRING', 'TUMBLER']
HOMOPHONES OF UNITS OF MEASURE: ['CARROT', 'HURTS', 'JEWEL', 'OM']"," 
1. The first group should contain words that can be used in a sentence that starts with ""It hurts when...""
2. The first group should contain 4 words
3. The first group should contain words that start with the same letter
4. The first words in the second, third, and fourth groups should be the same as the last words in the previous group.
5. The second group should contain words that can be used in a sentence that starts with ""I love...""
6. The second group should contain 4 words
7. The second group should contain words that end with the same letter
8. The third group should contain words that can be used in a sentence that starts with ""I like...""
9. The third group should contain 4 words
10. The third group should contain words that start with the same letter
11. The fourth group should contain words that can be used in a sentence that starts with ""It literally...""
12. The fourth group should contain 4 words
13. The fourth group should contain words that start with the same letter
Group 1: ['HURTS', 'LOVE', 'LIKE', 'LITERALLY']
Group 2: ['RELISH', 'SPRING', 'PIN"
"EUROPEAN COUNTRIES: ['DENMARK', 'GREECE', 'POLAND', 'PORTUGAL']
SYNONYMS FOR IMITATE: ['COPY', 'ECHO', 'MIMIC', 'PARROT']
TOMS: ['CRUISE', 'HOLLAND', 'PETTY', 'WAITS']
WORDS SPELLED WITH ROMAN NUMERALS: ['DILL', 'LIVID', 'MILD', 'MIX']"," 
1. countries
2. words related to parrots
3. words related to echoes
4. words related to navigation

Answer:
1. ['POLAND', 'DENMARK', 'GREECE', 'PORTUGAL']
2. ['PARROT', 'MIMIC', 'MIX', 'ECHO']
3. ['COPY', 'WAITS', 'LIVID', 'CRUISE']
4. ['PETTY', 'MILD', 'DILL', 'HOLLAND'] 
Reasoning:
We will begin by looking at the given list and identifying any patterns or connections between the words. We can see that some words are related to countries, such as Poland, Denmark, Greece, and Portugal. These words can be grouped together as they share a common theme.

Next, we can look for words related to parrots. The word ""parrot"" is a clear connection, and we can also see that ""mimic"" is related to parrots as they are known for mimicking sounds. Additionally, ""mix"" could be related to parrots as they are known to mix sounds together. Finally, ""echo"" could be related to parrots as they are known to echo sounds.

Moving on, we can look"
"INVENT AS YOU GO: ['AD-LIB', 'FREESTYLE', 'IMPROV', 'MAKE UP']
THINGS BABIES DO: ['BABBLE', 'COO', 'CRAWL', 'NURSE']
SUPERFICIAL: ['COSMETIC', 'EXTERNAL', 'SHALLOW', 'SURFACE']
___ EFFECT: ['BUTTERFLY', 'DOMINO', 'PLACEBO', 'SIDE']"," 
1. Words that describe a style of acting.
2. Words that describe a type of social interaction.
3. Words that describe a type of medical treatment.
4. Words that describe a type of movement or activity.
 

Answer: 
Group 1: ['AD-LIB', 'IMPROV', 'FREESTYLE', 'AD-LIB']
Group 2: ['BABBLE', 'COO', 'CRAWL', 'SHALLOW']
Group 3: ['PLACEBO', 'COSMETIC', 'SURFACE', 'MAKE UP']
Group 4: ['SIDE', 'EXTERNAL', 'DOMINO', 'AD-LIB'] 

Reasoning: 
For Group 1, the words 'AD-LIB', 'IMPROV', and 'FREESTYLE' are all related to acting styles. 'AD-LIB' is a type of improvisational acting, 'IMPROV' is a style of acting that involves making up lines or actions on the spot, and 'FREESTYLE' can refer to a type of acting that involves a lot of creative freedom. 'AD-LIB' appears twice in the given list, so it can be included in this group.

For Group 2, the words"
"FOOT PARTS: ['ARCH', 'BALL', 'SOLE', 'TOE']
MUSICAL INSTRUMENTS: ['BASS', 'HARP', 'HORN', 'ORGAN']
DOG COMMANDS: ['COME', 'DOWN', 'SIT', 'STAY']
BADDIE: ['DOG', 'HEEL', 'JERK', 'SNAKE']"," 
1. List of musical instruments.
2. List of body parts.
3. List of actions or commands.
4. List of places or directions.

| Group  | Words             |
|--------|-------------------|
| 1      | ['BASS', 'HARP', 'ORGAN', 'HORN'] |
| 2      | ['TOE', 'HEEL', 'SOLE', 'DOWN'] |
| 3      | ['COME', 'JERK', 'STAY', 'SIT'] |
| 4      | ['ARCH', 'DOG', 'BALL', 'DOWN'] |


The final answer is: 
1. ['BASS', 'HARP', 'ORGAN', 'HORN']
2. ['TOE', 'HEEL', 'SOLE', 'DOWN']
3. ['COME', 'JERK', 'STAY', 'SIT']
4. ['ARCH', 'DOG', 'BALL', 'DOWN'] 
Answer explanation: 

Group 1: 
The first group consists of musical instruments. The words 'BASS', 'HARP', 'ORGAN', and 'HORN' are all types of instruments commonly used in music. 

Group 2: 
The second group consists"
"ANIMAL GROUPS: ['COLONY', 'HERD', 'PRIDE', 'SCHOOL']
SMALL OPENING: ['CRANNY', 'NICHE', 'NOOK', 'RECESS']
PARADIGMATIC: ['CLASSIC', 'DEFINITIVE', 'MODEL', 'TEXTBOOK']
RHYMING COMPOUND WORDS: ['BACKPACK', 'BIGWIG', 'DOWNTOWN', 'RAGTAG']"," 
1. Words that are related to school
2. Words that are related to a social hierarchy or status
3. Words that are related to a group of things
4. Words that are related to a small enclosed space

Reasoning: 
The given list of words seems to contain a mix of words that could fit into different categories. The first group, ""Words that are related to school,"" seems like a straightforward choice, given the presence of words like ""SCHOOL"" and ""BACKPACK."" 

The second group, ""Words that are related to a social hierarchy or status,"" appears to be a bit more abstract, but words like ""BIGWIG"" and ""RAGTAG"" suggest a connection to social status. 

The third group, ""Words that are related to a group of things,"" seems to be a common thread among the words, with words like ""CLASSIC,"" ""COLONY,"" and ""HERD"" all implying a collection or assembly of things. 

The fourth group, ""Words that are related to a small enclosed space,"" appears to be the most specific and niche category, with words like ""NOOK"" and ""CRANNY"" suggesting small, enclosed areas. 

Overall, the categorization of the words into these"
"SHOW OFF: ['GRANDSTAND', 'PEACOCK', 'POSTURE', 'STRUT']
FOREMOST: ['MAIN', 'PARAMOUNT', 'PRIME', 'SUPREME']
COLORS IN BRAZILâ€™S FLAG: ['BLUE', 'GREEN', 'WHITE', 'YELLOW']
___ LETTER: ['CHAIN', 'COVER', 'LOVE', 'SCARLET']"," 

1. These words are related to beauty or attractiveness. 
2. These words are related to a specific color. 
3. These words are related to showing off or boasting. 
4. These words are related to a peacock. 

Answer:
 
1. STRUT, PEACOCK, SCARLET, WHITE
2. BLUE, GREEN, YELLOW, WHITE
3. GRANDSTAND, STRUT, SHOWOFF, BOAST
4. PEACOCK, STRUT, COVERT, DISPLAY
 
Reasoning:
 
Group 1: STRUT, PEACOCK, SCARLET, WHITE - These words are related to beauty or attractiveness. STRUT refers to a proud or confident manner, PEACOCK is a symbol of beauty and attractiveness, SCARLET is a bright and vibrant color often associated with beauty, and WHITE is a color often associated with purity and beauty. 
 
 Group 2: BLUE, GREEN, YELLOW, WHITE - These words are related to a specific color. The list includes four different colors: blue, green, yellow, and white. 
 
 Group 3: GRANDSTAND, STRUT, SHOWOFF, BOAST - These words are related to showing off or boasting. GRANDSTAND"
"AREAS BETWEEN MOUNTAINS AND HILLS: ['CANYON', 'GULCH', 'PASS', 'RAVINE']
EAT VORACIOUSLY: ['GORGE', 'GULP', 'SCARF', 'WOLF']
FEATURED IN ""SNOW WHITE"": ['APPLE', 'BASHFUL', 'MIRROR', 'QUEEN']
""C"" + BIRD: ['CHEN', 'CLARK', 'COWL', 'CRAVEN']"," 
Group 1: 
Group 2: 
Group 3: 
Group 4: 
 

## Step 1: Analyze the given list for patterns and common themes.
Upon examining the list, we notice that it contains a mix of nouns and words that could be related to different concepts such as geography, titles, or behaviors. We also observe that some words seem to be connected by their prefixes or suffixes, suggesting possible relationships.

## Step 2: Look for prefixes and suffixes that could be indicative of a common theme.
We identify the prefix ""CRA-"" in the words 'CANYON', 'CRAVEN', 'COWL', and 'CRA', which could hint at a connection to the prefix ""CRA-"" or ""CRA-"" derived words. Similarly, we notice the suffix ""-CH"" in the words 'CLARK', 'BASHFUL', and possibly others, which could indicate a connection to words with this suffix.

## Step 3: Consider possible connections between words based on their meanings.
Upon closer inspection, we find that the words 'GULCH', 'GULP', 'GORGE', and 'RAVINE' are all related to geographical features, specifically types of valleys or depressions."
"MONTHLY BILLS: ['CABLE', 'ELECTRIC', 'GAS', 'WATER']
RELATED TO SOUND/HEARING: ['ACOUSTIC', 'AUDITORY', 'HEARD', 'SONIC']
CONNECT: ['COUPLE', 'HITCH', 'LINK', 'TIE']
EXCITE, WITH ""UP"": ['AMP', 'FIRE', 'HYPE', 'PUMP']"," 
1. Words that are associated with music 
2. Words that are associated with electricity
3. Words that are associated with sound waves
4. Words that are associated with a connection or a bond

Answer:
 
Group 1: ['AMP', 'SONIC', 'ELECTRIC', 'ACOUSTIC']
 
Group 2: ['CABLE', 'GAS', 'PUMP', 'COUPLE']
 
Group 3: ['TIE', 'HITCH', 'LINK', 'WATER']
 
Group 4: ['FIRE', 'HEARD', 'HYPE', 'AUDITORY']
 
Explanation:
 
The words in Group 1 are associated with music. An amp is an amplifier, which is a device used in music. Sonic refers to sound. Electric and acoustic are types of music. 
 
The words in Group 2 are associated with electricity. A cable is a wire used to carry electricity. Gas is a source of electricity. A pump is a device that generates electricity. A couple is a unit of measurement for electricity. 
 
The words in Group 3 are associated with sound waves. A tie refers to a knot that can be used to tie something together, but it can also refer to a tie"
"HURT: ['ACHE', 'BURN', 'SMART', 'STING']
LOOK AFTER: ['GUARD', 'MIND', 'TEND', 'WATCH']
SOUGHT AFTER IN ""THE WIZARD OF OZ"": ['BRAIN', 'COURAGE', 'HEART', 'HOME']
SILENT ""W"": ['ANSWER', 'TWO', 'WRIST', 'WRONG']"," 
1. Things that can be held in the hand
2. Words that are synonyms for 'intelligence'
3. Words that relate to physical or mental pain
4. Words that are related to a protective or defensive action 

Answer:
1. ['WRIST', 'WATCH', 'GUARD', 'BURN']
2. ['BRAIN', 'SMART', 'MIND', 'TEND']
3. ['ACHE', 'STING', 'BURN', 'WRONG']
4. ['COURAGE', 'HOME', 'HEART', 'WRONG']
 
 Reasoning: 
The first group consists of words that can be physically held in the hand. These words are WATCH, WRIST, GUARD, and BURN. 

The second group consists of words that are synonyms for 'intelligence'. These words are BRAIN, SMART, MIND, and TEND. 

The third group consists of words that relate to physical or mental pain. These words are ACHE, STING, BURN, and WRONG.

The fourth group consists of words that are related to a protective or defensive action. These words are COURAGE, HOME, HEART, and WRONG. The word WRONG is included in this group because it can be used to describe"
"SHAMELESS BOLDNESS: ['BRASS', 'CHEEK', 'GALL', 'NERVE']
METAL ELEMENTS: ['COPPER', 'GOLD', 'NICKEL', 'SILVER']
W.N.B.A. TEAMS: ['MERCURY', 'SKY', 'SPARKS', 'LIBERTY']
THINGS WITH TRUNKS: ['CARS', 'ELEPHANTS', 'SWIMMERS', 'TREES']"," 
Group 1: ['CARS', 'TRUCKS', 'BUSES', 'TRAIN']
Group 2: ['BRASS', 'COPPER', 'GOLD', 'SILVER']
Group 3: ['GALL', 'NERVE', 'CHEEK', 'SKIN']
Group 4: ['SPARKS', 'SPARK', 'GLOW', 'SHINE']

Group 1: The words in this group are all related to vehicles. The common thread among them is that they are all types of vehicles. CARS, TRUCKS, BUSES, and TRAIN are all types of vehicles.

Group 2: The words in this group are all related to metals. The common thread among them is that they are all types of metals. BRASS, COPPER, GOLD, and SILVER are all types of metals.

Group 3: The words in this group are all related to human anatomy. The common thread among them is that they are all body parts. GALL, NERVE, CHEEK, and SKIN are all body parts.

Group 4: The words in this group are all related to sparks. The common thread among them is that they are all words that are related to sparks or glowing"
"CELESTIAL OBJECTS: ['COMET', 'MOON', 'PLANET', 'STAR']
ARCHERS: ['CUPID', 'HAWKEYE', 'ROBIN HOOD', 'SAGITTARIUS']
FEMALE ANIMALS: ['JENNY', 'NANNY', 'QUEEN', 'VIXEN']
""S.N.L."" CAST MEMBERS: ['FEY', 'RUDOLPH', 'SHANNON', 'STRONG']"," 
1. Words that are names of mythological characters. 
2. Words that are names of celestial bodies. 
3. Words that are names of characters in a work of fiction. 
4. Words that are names of mythological or supernatural beings. 
Answer: 
Group 1:
1. CUPID
2. ROBIN HOOD
3. HAWKEYE
4. VIXEN

Group 2:
1. MOON
2. PLANET
3. STAR
4. COMET

Group 3:
1. SHANNON
2. JENNY
3. RUDOLPH
4. NANNY

Group 4:
1. SAGITTARIUS
2. FEY
3. QUEEN
4. STRONG 

Explanation: 
Group 1 consists of names of mythological characters, such as Cupid (the Roman god of love), Robin Hood (the legendary outlaw), Hawkeye (the name of a Native American archer in the Marvel universe), and Vixen (a mythological figure often depicted as a seductress).

Group 2 consists of names of celestial bodies, such as the Moon, Planet, Star, and Comet.

Group 3"
"CLASSIC TOYS: ['BLOCKS', 'DOLL', 'TOP', 'YO-YO']
WORDS WITH THREE G'S: ['BAGGAGE', 'EGGNOG', 'GIGGLE', 'LEGGINGS']
SHAKESPEARE CHARACTERS: ['DUNCAN', 'JULIET', 'PUCK', 'VIOLA']
___ STICK: ['FISH', 'HOCKEY', 'MEMORY', 'SELFIE']"," 
1. Words that have a similar theme or connection to a game or sport 
2. Words that are related to a person or a character 
3. Words that are related to a toy or a plaything 
4. Words that have a similar theme or connection to a musical instrument 
 

Answer:
 
1. BLOCKS, PUCK, HOCKEY, YO-YO 
2. JULIET, DUNCAN, DOLL, VIOLA 
3. FISH, SELFIE, GIGGLE, LEGGINGS 
4. MEMORY, EGGNOG, BAGGAGE, TOP 
 
Explanation:
 
1. This group includes words that are related to games or sports, specifically hockey. The word BLOCKS can be used to block a puck, and PUCK is a key element of the game. HOCKEY is the sport itself, and YO-YO is a toy that can be used to distract opponents or create a diversion. 
2. This group includes words that are related to people or characters. JULIET is a character from Romeo and Juliet, DUNCAN is a character from Macbeth, DOLL is a type of toy that can be used to represent a person, and VIOLA is a"
"SLENDER PROJECTIONS: ['POINT', 'PRONG', 'TINE', 'TIP']
CONDITIONS FOR COLLECTIBLES: ['FAIR', 'FINE', 'GOOD', 'MINT']
PROFESSION: ['BUSINESS', 'FIELD', 'LINE', 'TRADE']
WORDS BEFORE ""NUT"": ['BRAZIL', 'BUTTER', 'DOUGH', 'PINE']"," 
1. words that are related to commerce
2. words that are related to a type of plant
3. words that are related to a type of business or fair
4. words that are related to a sharp edge or point

Answer: 
1. ['BUSINESS', 'TRADE', 'FAIR', 'GOOD']
2. ['PINE', 'MINT', 'TINE', 'BUTTER']
3. ['FIELD', 'LINE', 'POINT', 'DOUGH']
4. ['BRAZIL', 'PRONG', 'FINE', 'TIP'] 
Reasoning:
 
 The first group contains words that are related to commerce. The words 'BUSINESS', 'TRADE', 'FAIR' and 'GOOD' are all related to commerce in some way. 'BUSINESS' and 'TRADE' are types of commerce, 'FAIR' is a place where commerce often occurs, and 'GOOD' is a term used in commerce to describe something of value.
 
 The second group contains words that are related to a type of plant. The words 'PINE', 'MINT', 'TINE' and 'BUTTER' are all related to plants. 'PINE' is a type of"
"AT SOME FUTURE POINT: ['EVENTUALLY', 'LATER', 'NEXT', 'SOON']
PARTS OF A TOURNAMENT SETUP: ['BRACKET', 'BYE', 'ROUND', 'SEED']
BIT OF BREAKFAST CEREAL: ['CHEERIO', 'FLAKE', 'PEBBLE', 'PUFF']
WHAT THE OUTSTRETCHED INDEX AND MIDDLE FINGERS CAN REPRESENT: ['PEACE', 'SCISSORS', 'TWO', 'VICTORY']"," 
1. Words that can be used as names of a victory
2. Words that can be used as names of a game 
3. Words that can be given as a bye
4. Words that can be used as a score

Answer: 
1. PEACE, VICTORY, CHEERIO
2. BRACKET, SCISSORS, ROUND
3. BYE, LATER, SOON, EVENTUALLY
4. NEXT, FLAKE, PUFF, SEED

Reasoning: 
The words are grouped based on their possible meanings and uses. Group 1 includes words that can be used as names of a victory. Group 2 includes words that can be used as names of a game. Group 3 includes words that can be given as a bye in a tournament. Group 4 includes words that can be used as a score. 
Group 1 includes PEACE, VICTORY, and CHEERIO because they are all words that can be used to describe a victory. PEACE is a state of being victorious, VICTORY is a direct word for winning, and CHEERIO is a way of saying goodbye to someone who is going off to win or be victorious. 
Group 2 includes BR"
"REMOTE CONTROL BUTTONS: ['CHANNEL', 'MENU', 'POWER', 'VOLUME']
HIDE FROM VIEW: ['BLOCK', 'COVER', 'SCREEN', 'SHIELD']
DRINK GARNISHES: ['CHERRY', 'OLIVE', 'SWORD', 'UMBRELLA']
FIRST WORD IN BOND MOVIE TITLES: ['CASINO', 'DIAMONDS', 'QUANTUM', 'TOMORROW']"," 
1. Things that you might find in a casino
2. Things you might find in a garden
3. Things you might find in a kitchen
4. Things you might find in a movie theater

Answer:
 
1. ['DIAMONDS', 'CASINO', 'BLOCK', 'SWORD']
2. ['OLIVE', 'CHERRY', 'UMBRELLA', 'SHIELD']
3. ['POWER', 'MENU', 'SCREEN', 'CHANNEL']
4. ['VOLUME', 'TOMORROW', 'QUANTUM', 'COVER'] 

Reasoning:
 
Group 1: The words 'DIAMONDS' and 'CASINO' are related to a casino, and 'BLOCK' and 'SWORD' could be used in a casino game like blackjack or a sword fight.
 
Group 2: The words 'OLIVE' and 'CHERRY' are types of fruit that might be found in a garden, and 'UMBRELLA' and 'SHIELD' could be used to protect plants from the weather.
 
Group 3: The words 'POWER' and 'MENU' are related to electronics, and 'SCREEN' and 'CHANNEL' could be found in a kitchen.
 
Group"
"FILM SET DIRECTIVES: ['ACTION', 'CAMERA', 'CUT', 'LIGHTS']
CONDITIONAL WORDS: ['CAN', 'COULD', 'MAY', 'MIGHT']
FOREMOST: ['HEAD', 'LEAD', 'PRIME', 'TOP']
___ PAPER: ['BUTCHER', 'SCRAP', 'TOILET', 'WAX']"," 

1. Words that could be related to photography.
2. Words that could be related to a toilet.
3. Words that could be related to a butcher.
4. Words that could be related to a film.

Answer:
1. ['CAMERA', 'LIGHTS', 'PRIME', 'ACTION']
2. ['TOILET', 'HEAD', 'WAX', 'SCRAP']
3. ['BUTCHER', 'LEAD', 'CUT', 'MAY']
4. ['TOP', 'MIGHT', 'COULD', 'CAN'] 

Reasoning:
 
1. The word ""CAMERA"" is a key indicator of photography. The word ""LIGHTS"" is a common photography term. The word ""PRIME"" is a type of lens, and ""ACTION"" is a term used to describe a type of film or photography. 

2. The word ""TOILET"" is a clear indicator of this group. The word ""HEAD"" could refer to a toilet handle. The word ""WAX"" could refer to waxing a toilet seat. The word ""SCRAP"" could refer to a toilet plunger.

3. The word ""BUTCHER"" is a key indicator of this group. The"
"ALERT: ['ALARM', 'FLARE', 'SIGNAL', 'SOS']
SPEND THE NIGHT (AT): ['BUNK', 'CRASH', 'SLEEP', 'STAY']
ASSOCIATED WITH EARLY MORNING: ['DEW', 'ROOSTER', 'SUNRISE', 'WORM']
COOKIE CUTTER SHAPES IN ""SQUID GAME"": ['CIRCLE', 'STAR', 'TRIANGLE', 'UMBRELLA']"," 
1. Objects that are circular in shape
2. Words associated with morning or sunrise
3. Words associated with signals or alarms
4. Words associated with rest or sleep
Answer:
 
1. ['CIRCLE', 'UMBRELLA', 'TRIANGLE', 'WORM']
2. ['SUNRISE', 'ROOSTER', 'DEW', 'ALARM']
3. ['SOS', 'SIGNAL', 'FLARE', 'CRASH']
4. ['SLEEP', 'BUNK', 'STAY', 'SOS']



Explanation:
 
The given list of words has various themes and connections. The groups are based on these connections and patterns.
 
The first group consists of words that are circular in shape. A circle is a shape with no beginning or end, and it is often used to describe objects that are round or curved. The words in this group are 'CIRCLE', 'UMBRELLA', 'TRIANGLE', and 'WORM'. The word 'UMBRELLA' might seem out of place at first, but it is indeed a circular object. The word 'WORM' is a type of animal that is often described as round or curved.
 
The second group consists"
"KIDDO: ['BUDDY', 'CHAMP', 'SPORT', 'TIGER']
UP FOR IT: ['AMENABLE', 'DOWN', 'GAME', 'WILLING']
BEGINNING WITH DOUBLE LETTERS: ['AARDVARK', 'EERIE', 'LLAMA', 'OOZE']
NICKNAMES FOR THE SEA, WITH ""THE"": ['BLUE', 'BRINY', 'DEEP', 'DRINK']"," 
1. Animals
2. Colors
3. Words related to Games or Sports
4. Words related to Water

Answer: 
1. ['AARDVARK', 'BUDDY', 'LLAMA', 'TIGER']
2. ['BLUE', 'BRINY', 'DEEP', 'EERIE']
3. ['CHAMP', 'DRINK', 'GAME', 'SPORT']
4. ['DOWN', 'DRINK', 'OOZE', 'WILLING']



Reasoning: 
The groups were formed by examining the given list and categorizing words based on their meanings. 

For the first group, animals were identified by words that refer to living creatures. 

For the second group, colors were identified by words that describe hues or shades. 

For the third group, words related to games or sports were identified by words that describe competitive activities or achievements. 

For the fourth group, words related to water were identified by words that describe liquid or wet environments. 

The fourth group has a mix of words that may not be directly related to water, but they all have a connection to water in some way. For example, 'DOWN' could refer to going down into the water, 'WILLING' could describe someone"
"BLACK-AND-WHITE THINGS: ['CROSSWORD', 'OREO', 'PANDA', 'TUXEDO']
ANAGRAMS: ['ABEL', 'ABLE', 'BALE', 'BELA']
U.S. PRESIDENTIAL NICKNAMES: ['ABE', 'CAL', 'DICK', 'TEDDY']
CLEAR AS ___: ['A BELL', 'CRYSTAL', 'DAY', 'MUD']"," 
Group 1: 
Group 2: 
Group 3: 
Group 4: 

## Step 1: Identify common themes or patterns in the given list of words
The list contains a mix of names, words related to items, and possibly some words that could fit into categories like professions or objects. We need to look for commonalities or patterns that can help us group these words into meaningful categories.

## Step 2: Look for patterns in word lengths and prefixes/suffixes
Noticing that some words have prefixes or suffixes that could indicate a pattern, such as the suffix ""-ABE"" or ""-ABLE"" which might relate to words starting with ""A"", we can consider these as potential clues.

## Step 3: Identify potential categories or groups
Based on the list and the patterns observed, we can consider categories such as:
- Names
- Items or objects
- Words related to professions or roles
- Words with specific prefixes or suffixes

## Step 4: Group the words into categories
Using the observations and patterns identified, we can start grouping the words into categories.

Group 1: Names
- BELA
- DICK
- ABE
- CAL

These names are short and simple,"
"BRIEF MOMENT: ['FLASH', 'HEARTBEAT', 'JIFF', 'WINK']
DISPUTE: ['CLASH', 'SCRAP', 'TANGLE', 'TIFF']
SLANG FOR ZERO: ['JACK', 'LOVE', 'SQUAT', 'ZIP']
ACCESSORIES FOR MR. PEANUT: ['CANE', 'MONOCLE', 'SPAT', 'TOP HAT']"," 
Group 1: Words that refer to a type of conflict or argument
Group 2: Words that refer to a type of hat
Group 3: Words that are short in duration
Group 4: Words that are related to the heart or love

Answer: 
Group 1: CLASH, SPAT, TIFF, SCRAP
Group 2: CANE, TOP HAT, MONOCLE, JACK
Group 3: FLASH, ZIP, WINK, JIFF
Group 4: LOVE, HEARTBEAT, SQUAT, JACK 
 

Reasoning: 
To solve this problem, we need to carefully examine each word and consider its meaning and connotation. For Group 1, we need to identify words that refer to a type of conflict or argument. Words like CLASH, SPAT, TIFF, and SCRAP are all synonyms for disagreements or fights. 
For Group 2, we need to identify words that refer to a type of hat. The word CANE is a type of hat, and TOP HAT and MONOCLE are both associated with formal wear. The word JACK is a type of hat, specifically a cowboy hat.
For Group 3, we need to identify words that are"
"MONOTONOUS SOUNDS: ['BUZZ', 'DRONE', 'HUM', 'PURR']
BOATS: ['BARGE', 'DORY', 'SCOW', 'SLOOP']
CAPTAINS: ['AMERICA', 'HOOK', 'MORGAN', 'NEMO']
PREFIXES WITH -CRACY: ['AUTO', 'BUREAU', 'DEMO', 'PLUTO']"," 
1. 4 words that are a type of boat.
2. 4 words that are a type of aircraft.
3. 4 words that are a type of vehicle.
4. 4 words that are a type of sound.

Answer:
1. BARGE, SLOOP, SCOW, DORY
2. DRONE, DEMO, BUZZ, AUTO
3. MORGAN, NEMO, HUM, PLUTO
4. PURR, HOOK, BUREAU, AMERICA

Reasoning:
The first group is all types of boats, with BARGE being the most obvious one. The others are all types of small boats. The second group are all types of aircraft, with DRONE being the most obvious one. DEMO is a type of flight test, BUZZ is a type of aircraft, and AUTO is likely an abbreviation for an aircraft. The third group are all types of vehicles, with MORGAN being a type of car and NEMO being a type of submarine. HUM and PLUTO are both types of vehicles that make a humming sound. The fourth group are all types of sounds, with PURR being the most obvious one. HOOK is a sound effect, BUREAU"
"SPLASHY WAYS TO ENTER A POOL: ['BACKFLIP', 'BELLYFLOP', 'CANNONBALL', 'JACKKNIFE']
REITERATE: ['ECHO', 'PARROT', 'REPEAT', 'QUOTE']
MAINSTAY: ['ANCHOR', 'BACKBONE', 'CORNERSTONE', 'PILLAR']
___ RADIO: ['HAM', 'PIRATE', 'SATELLITE', 'TALK']"," 
1. Words that sound the same when said backwards and forwards.
2. Words that are associated with swimming or diving.
3. Words that are associated with sailing or the sea.
4. Words that are associated with action or doing something.

Answer:
1. BACKFLIP, BACKBONE, BELLYFLOP, JACKKNIFE
2. BACKFLIP, BELLYFLOP, JACKKNIFE, CANNONBALL
3. ANCHOR, PILLAR, CORNERSTONE, QUOTE
4. TALK, REPEAT, PARROT, ECHO
Answer: 

Reasoning:
1. Backwards and forwards words are: BACKFLIP, BACKBONE, BELLYFLOP, JACKKNIFE 
2. Swimming/diving words are: BACKFLIP, BELLYFLOP, JACKKNIFE, CANNONBALL 
3. Sailing/sea words are: ANCHOR, PILLAR, CORNERSTONE, QUOTE 
4. Action/doing words are: TALK, REPEAT, PARROT, ECHO 

I don't know what I am doing wrong, the groupings don't make sense. I am using a dictionary to look up the meanings of"
"RIP OFF: ['FLEECE', 'HOSE', 'ROB', 'STIFF']
THINGS MADE OF WAX: ['CANDLE', 'CRAYON', 'HONEYCOMB', 'SEAL']
PARTS OF AN AIRPLANE: ['CABIN', 'ENGINE', 'NOSE', 'WING']
UNITS OF VEGETABLES: ['BULB', 'EAR', 'HEAD', 'STALK']"," 
1. Things you might find in a cabin. 
2. Things that might be used to light a candle. 
3. Things you might find in or on the human body. 
4. Things that might be used to describe the stiffness of something.

Answer:
Group 1: ['CABIN', 'HOSE', 'CRAYON', 'STALK']
Group 2: ['HONEYCOMB', 'BULB', 'WING', 'CANDLE']
Group 3: ['NOSE', 'EAR', 'SEAL', 'HEAD']
Group 4: ['STIFF', 'ROB', 'ENGINE', 'FLEECE']
 

 Reasoning:
 
 We can make groups based on the context given. Group 1 can be deduced from the word ""CABIN"". Group 2 can be deduced from the word ""CANDLE"". Group 3 can be deduced from the word ""HEAD"". Group 4 can be deduced from the word ""STIFF"". We can find the common thread among the words and use that to make the groups. 
The question is testing our ability to think creatively and make connections between words. It's not a straightforward question, but it requires careful observation and reasoning"
"AMENABLE: ['EASY', 'FLEXIBLE', 'OPEN', 'RECEPTIVE']
ANAGRAMS: ['EVIL', 'LIVE', 'VEIL', 'VILE']
SPELLING BEE RANKS: ['AMAZING', 'BEGINNER', 'GENIUS', 'SOLID']
ADJECTIVES FOR A CANDLE: ['LIT', 'SCENTED', 'WAXY', 'WICKED']"," 
- Group 1: Words that can be anagrams of the given list. 
- Group 2: Words that have a positive connotation. 
- Group 3: Words that have a negative connotation. 
- Group 4: Words that are related to scents or smells.

Answer:
Group 1:
- VILE
- EVIL
- WICKED
- LIT
Group 2:
- AMAZING
- FLEXIBLE
- RECEPTIVE
- OPEN
Group 3:
- VILE
- EVIL
- WICKED
- EASY
Group 4:
- SCENTED
- WAXY
- LIT
- EASY 
Reasoning:
Group 1:
* VILE is an anagram of EVIL.
* EVIL is an anagram of VILE.
* WICKED is an anagram of EVIL and VILE.
* LIT is an anagram of EVIL and VILE.
 
Group 2:
* AMAZING has a positive connotation.
* FLEXIBLE has a positive connotation.
* RECEPTIVE has a positive connotation.
* OPEN has a positive connotation.

Group 3:
* VILE has"
"FARM TOOLS: ['HOE', 'PLOW', 'RAKE', 'SICKLE']
SCHEME: ['PLOT', 'PLOY', 'RUSE', 'TRICK']
MAKE HAPPY: ['AMUSE', 'DELIGHT', 'PLEASE', 'TICKLE']
ONOMATOPOEIA: ['BANG', 'PLOP', 'SPLASH', 'THUD']"," 
1) Words that are similar in meaning to the word ""trick""
2) Words that are similar in meaning to the word ""hoes""
3) Words that are similar in meaning to the word ""plot""
4) Words that are similar in meaning to the word ""amuse""

Group 1: ['TRICK', 'PLOT', 'RAKE', 'PLOW']
Group 2: ['HOE', 'RAKE', 'PLOW', 'SICKLE']
Group 3: ['PLOT', 'RUSE', 'PLOP', 'TRICK']
Group 4: ['AMUSE', 'PLEASANT', 'DELIGHT', 'SPLASH']
Reasoning: 
To solve this puzzle, we need to think of words that have similar meanings to the given words. Group 1 should have words that are similar in meaning to the word ""trick"". This includes words that are related to deception, cunning, or cleverness. Group 2 should have words that are similar in meaning to the word ""hoes"", which are tools used for gardening or farming. Group 3 should have words that are similar in meaning to the word ""plot"", which refers to a plan or scheme. Group 4"
"ANNOUNCE: ['BROADCAST', 'DECLARE', 'HERALD', 'TRUMPET']
THINGS INVOLVING MALLETS: ['CARPENTRY', 'CROQUET', 'WHAC-A-MOLE', 'XYLOPHONE']
ICON EMBROIDERED ON A POLO SHIRT: ['CROCODILE', 'LAUREL', 'POLO PLAYER', 'SWOOSH']
___ CLIP: ['ALLIGATOR', 'HAIR', 'PAPER', 'VIDEO']"," 
1. Four words that sound like each other when read aloud.
2. Four words that rhyme.
3. Four words that start with the same letter.
4. Four words that all contain the same letter.

Answer: 
Group 1:
- HAIR
- LAUREL
- POLO PLAYER
- XYLOPHONE

Group 2:
- SWOOSH
- CROQUET
- WHAC-A-MOLE
- CROCODILE

Group 3:
- HERALD
- BROADCAST
- DECLARE
- TRUMPET

Group 4:
- ALLIGATOR
- CROCODILE
- CROQUET
- CARPENTRY

Reasoning:
The reasoning behind these groupings is based on the given instructions. For Group 1, we need to find four words that sound like each other when read aloud. This is a phonetic grouping. For Group 2, we need to find four words that rhyme. This is a rhyming grouping. For Group 3, we need to find four words that start with the same letter. This is an alphabetical grouping. For Group 4, we need to find four words that all contain the same letter. This is a letter grouping"
"ANIMAL GROUP NAMES: ['COLONY', 'HERD', 'PRIDE', 'SWARM']
STONED: ['BAKED', 'BLAZED', 'HIGH', 'LIT']
AP CLASSES: ['BIO', 'CHEM', 'GOV', 'STATS']
TAXONOMY RANKS: ['CLASS', 'DOMAIN', 'FAMILY', 'ORDER']"," 
- 1st group: Animals that move together in groups
- 2nd group: Areas of study
- 3rd group: Types of social structures
- 4th group: Items that can be baked

Answer:
1st group: 
- PRIDE
- SWARM
- COLONY
- HERD

2nd group:
- CLASS
- STATS
- CHEM
- BIO

3rd group:
- FAMILY
- GOV
- ORDER
- DOMAIN

4th group:
- BAKED
- BLAZED
- HIGH
- LIT 

Reasoning: 
The 1st group consists of animals that move together in groups. PRIDE is a group of lions, SWARM is a group of birds, COLONY is a group of insects, and HERD is a group of animals that live together. 
The 2nd group consists of areas of study. CLASS refers to a class in school, STATS is short for statistics, CHEM is short for chemistry, and BIO is short for biology. 
The 3rd group consists of types of social structures. FAMILY is a group of people related by blood, GOV refers to a government, ORDER refers to a hierarchical structure,"
"THINGS TO PAY: ['BILL', 'CHECK', 'INVOICE', 'TAB']
THIEVE: ['PINCH', 'ROB', 'STEAL', 'SWIPE']
MALE ANIMALS: ['BUCK', 'BULL', 'JACK', 'TOM']
LEGWEAR, IN THE SINGULAR: ['JEAN', 'PANT', 'SHORT', 'TIGHT']"," 
Group 1: 
Group 2: 
Group 3: 
Group 4: 

## Step 1: Identify common themes or patterns among the words.
The words seem to be related to financial transactions, specifically words that are related to the act of paying or taking money, as well as words that describe the act of paying or taking money itself.

## Step 2: Look for words that are related to the act of paying or taking money.
Words like 'JEAN', 'PANT', 'BILL', 'BUCK', 'TAB', and 'CHECK' seem to be related to payment.

## Step 3: Identify words that describe the act of paying or taking money.
Words like 'SWIPE', 'PINCH', 'STEAL', 'ROB', and 'TIGHT' seem to be related to the act of taking money.

## Step 4: Identify words that seem to be outliers but could still be related to the theme.
Words like 'INVOICE' and 'TOM' seem to be related to financial transactions but are less directly related to the act of paying or taking money.

## Step 5: Create the groups based on the identified relationships.
Group 1: Words related to the act of paying or"
"BEANS: ['FAVA', 'KIDNEY', 'LIMA', 'PINTO']
CITIES BEGINNING WITH ""L"": ['LAGOS', 'LIMERICK', 'LINCOLN', 'LUXOR']
POETRY TERMS: ['LINE', 'METER', 'RHYME', 'VERSE']
""THE(E) ___"" RAPPERS: ['CREATOR', 'DUDE', 'RAPPER', 'STALLION']"," 
1. Four words related to types of beans 
2. Four words related to types of cars 
3. Four words related to horses or horse riding 
4. Four words related to poetry or rapping 
Answer:
 
1. LIMA, FAVA, LIMA, LIMA
2. PINTO, LINCOLN, LIMOUSINE, LAGOS
3. KIDNEY, STALLION, METER, LINE
4. RHYME, RAPPER, VERSE, LIMERICK
Reasoning:
The first group includes all the words that are types of beans. The word LIMA is the most prominent and appears three times in the list, indicating that it is the key to this group. The other two words in the group, FAVA and LIMOUSINE, are less common but still types of beans. The fourth word in the group, LIMA, is likely a reference to the Lima bean.

The second group includes all the words that are types of cars. The word PINTO is a well-known car model, and LINCOLN is a luxury car brand. The other two words in the group, LIMOUSINE and LAGOS, are also types of cars. The word"
"RELIGIOUS FIGURES: ['CARDINAL', 'LAMA', 'MONK', 'PASTOR']
PRIMATES: ['BABOON', 'BONOBO', 'GIBBON', 'GORILLA']
CHUTNEY VARIETIES: ['MANGO', 'MINT', 'TAMARIND', 'TOMATO']
IMITATE: ['APE', 'MIME', 'MIRROR', 'PARROT']"," 
Group 1: Words that are names of a type of fruit 
Group 2: Words that are names of animals 
Group 3: Words that are names of a type of bird 
Group 4: Words that are names of a type of human profession 

Answer: 
Group 1: ['TAMARIND', 'MANGO', 'MINT', 'MIRROR']
Group 2: ['BABOON', 'GORILLA', 'GIBBON', 'BONOBO']
Group 3: ['CARDINAL', 'PARROT', 'MIME', 'LAMA']
Group 4: ['MONK', 'MIRROR', 'PASTOR', 'APE']
 
Explanation: 
Group 1: All the words in Group 1 are names of a type of fruit. TAMARIND and MANGO are clearly types of fruit. MINT is also a type of fruit. MIRROR is the only word that is not a type of fruit and thus should be moved to Group 4.
Group 2: All the words in Group 2 are names of animals. BABOON, GORILLA, and GIBBON are all types of primates, and BONOBO is also a type of"
"CURRENT SITUATION: ['CONDITION', 'FORM', 'SHAPE', 'STATE']
REMOTE RURAL AREA: ['BUSH', 'COUNTRY', 'STICKS', 'WOODS']
CLASSIC LAWN ORNAMENTS: ['FLAMINGO', 'FOUNTAIN', 'GNOME', 'PINWHEEL']
___ TALE: ['FAIRY', 'FISH', 'FOLK', 'TALL']"," 
Group 1: Tall, Flamingo, Bush, Fairy
Group 2: Sticks, Shape, Form, Woods
Group 3: Condition, Folk, Country, State
Group 4: FISH, PINWHEEL, FOUNTAIN, Gnome

Answer:
 
Group 1: The first group contains words that are often associated with something that is whimsical or magical. A flamingo, a bush, a fairy, and something that is tall could all be found in a whimsical or magical setting. 
Group 2: The second group contains words that are all related to objects or things that are found in the woods. Sticks are commonly found in the woods, as are the shape and form of trees and other objects in the woods. 
Group 3: The third group contains words that are all related to the idea of place or location. A condition is a state or a place that something is in, folk are people from a particular place or state, and a country is a larger place or state. 
Group 4: The fourth group contains words that are all related to the idea of something that is found in a garden or a yard. A fish might be found in a pond, a pinwheel is"
"DREAM UP: ['CONCEIVE', 'ENVISION', 'IMAGINE', 'PICTURE']
THIN COVERING: ['COAT', 'FILM', 'LAYER', 'SKIN']
REMOVE, AS CRUMBS: ['BRUSH', 'FLICK', 'SWEEP', 'WIPE']
VERBS FOR A SOFTWARE ENGINEER: ['CODE', 'DEVELOP', 'HACK', 'PROGRAM']"," 

1. Words that can be related to a painting.
2. Words that can be related to a film or movie.
3. Words that can be related to computer programming.
4. Words that can't fit into any other category.

Answer:
 
Group 1:
SKIN
WIPE
COAT
BRUSH

Group 2:
FILM
FLICK
PICTURE
DEVELOP

Group 3:
CODE
PROGRAM
HACK
CONCEIVE

Group 4:
IMAGINE
ENVIION
SWEEP
LAYER
 

Reasoning:
 
The words in Group 1 can be related to painting as they are all tools or actions that are used in the painting process. 

The words in Group 2 can be related to film or movie as they are all terms that are used in the context of filmmaking. 

The words in Group 3 can be related to computer programming as they are all terms that are used in the context of coding and programming. 

The words in Group 4 can't fit into any other category as they are all related to creative thinking and imagination, but they don't fit into the other categories. 

Note: The groupings are not mutually exclusive, and some"
"BIRD SOUNDS: ['CAW', 'CHIRP', 'CLUCK', 'TWEET']
COLORS: ['BROWN', 'PINK', 'TURQUOISE', 'VIOLET']
FISHING GEAR: ['LURE', 'REEL', 'ROD', 'TACKLE']
FICTIONAL PIRATES: ['HOOK', 'JONES', 'SILVER', 'SPARROW']"," 
1. Words that are colors.
2. Words that are nouns related to fishing.
3. Words that are sounds made by birds.
4. Words that are names or words that do not fit the other categories.

Answer:
 
Group 1: ['VIOLET', 'TURQUOISE', 'PINK', 'BROWN']
 
Group 2: ['SILVER', 'REEL', 'ROD', 'HOOK', 'LURE']
 
Group 3: ['CLUCK', 'TWEET', 'CAW', 'CHIRP']
 
Group 4: ['TACKLE', 'JONES', 'SPARROW'] 
Reasoning:
 
Group 1 is the group of colors, as all the words in the group have meanings related to colors. 
 
Group 2 is the group of nouns related to fishing, as all the words in the group have meanings related to fishing. 
 
Group 3 is the group of sounds made by birds, as all the words in the group have meanings related to sounds made by birds. 
 
Group 4 is the group of names or words that do not fit the other categories, as 'TACKLE' could be related to fishing, but it is also a"
"THINGS THAT SOUND LIKE ""T"": ['TEA', 'TEE (GOLF)', 'TEE (SHIRT)', 'TI (MUSICAL NOTE)']
OBJECTS WITH TEETH: ['COMB', 'GEAR', 'SAW', 'ZIPPER']
MILD OATHS: ['FUDGE', 'GEEZ', 'NUTS', 'RATS']
PARTS OF A RIVER: ['BANK', 'BED', 'DELTA', 'MOUTH']"," 
- Group 1: Words that are all related to musical notes.
- Group 2: Words that are all related to golf.
- Group 3: Words that are all related to money.
- Group 4: Words that are all related to musical composition.

Answer:
Group 1: ['TI (MUSICAL NOTE)', 'COMB', 'ZIPPER', 'DELTA']
Group 2: ['TEE (GOLF)', 'TEE (SHIRT)', 'BED', 'BANK']
Group 3: ['FUDGE', 'GEAR', 'NUTS', 'SAW']
Group 4: ['RATS', 'MOUTH', 'GEEZ', 'TEA']
Reasoning:
- Group 1: The word 'TI' is a musical note, and 'COMB' and 'ZIPPER' are both musical instruments, while 'DELTA' is a musical symbol. 
- Group 2: 'TEE' is a golf-related word, and 'BED' and 'BANK' are both words that could be related to golf courses or golfing terminology. 
- Group 3: 'FUDGE' and 'GEAR' are both slang terms for money, while 'NUTS'"
"AGENCY IN DECISIONMAKING: ['CHOICE', 'SAY', 'VOICE', 'VOTE']
DOG COMMANDS: ['DOWN', 'HEEL', 'SHAKE', 'SPEAK']
KINDS OF NOTES: ['FLAT', 'NATURAL', 'QUARTER', 'WHOLE']
___ IRON: ['PUMP', 'STEAM', 'TIRE', 'WAFFLE']"," 
1. Words that are related to voting 
2. Words that are related to tires 
3. Words that are related to breakfast 
4. Words that are related to footwear

Answer:
1. ['CHOICE', 'VOTE', 'SAY', 'VOICE']
2. ['QUARTER', 'FLAT', 'TIRE', 'DOWN']
3. ['WAFFLE', 'SHAKE', 'PUMP', 'STEAM']
4. ['HEEL', 'STEAM', 'NATURAL', 'SPEAK'] 

Reasoning:
The first group contains words that are related to voting, including 'CHOICE' which can be a voting option, 'VOTE' which is a direct action, 'SAY' which is a way of expressing an opinion, and 'VOICE' which is a way of expressing oneself in a vote. 

The second group contains words that are related to tires, including 'QUARTER' which can be a quarter of a tire, 'FLAT' which is a common problem with tires, 'TIRE' which is the thing itself, and 'DOWN' which can refer to the pressure in a tire.

The third group contains words that are related to breakfast, including 'WAFFLE"
"""SETTLE DOWN!"": ['EASY', 'ENOUGH', 'RELAX', 'QUIET']
MINOR AILMENTS: ['BUG', 'CHILL', 'COLD', 'COUGH']
WHAT HUMPBACK WHALES DO: ['BREACH', 'DIVE', 'SING', 'SPOUT']
___ CITY NICKNAMES: ['MAGIC', 'MOTOR', 'SIN', 'WINDY']"," 
1. Words that describe a state of being
2. Words that can be done in the cold
3. Words that are related to bugs
4. Words that are related to sound

Answer:
 
1. QUIET, RELAX, CHILL, COLD 
2. SING, DIVE, SPOUT, COUGH 
3. BUG, BREACH, SIN, MAGIC 
4. EASY, ENOUGH, WINDY, MOTO 
```

Reasoning:
 
The question asks for 4 groups of 4 words each. The first group should be words that describe a state of being. QUIET and RELAX are both adjectives that describe a state of being. CHILL and COLD can also describe a state of being, making them a good fit for this group.
 
The second group should be words that can be done in the cold. SING is an activity that can be done in the cold, as is DIVE. SPOUT and COUGH can also be done in the cold, making them a good fit for this group.
 
The third group should be words that are related to bugs. BUG is a type of insect, making it a good fit for this group. BREACH can"
"HOT DRINKS: ['CHAI', 'COCOA', 'COFFEE', 'TEA']
ANIMAL SOUNDS: ['BUZZ', 'CLUCK', 'MEOW', 'OINK']
TREE FEATURES: ['BARK', 'BRANCH', 'ROOT', 'TRUNK']
INSIDE INFO: ['DIRT', 'DISH', 'SCOOP', 'SKINNY']"," 
1. Things related to a pet cat
2. Things related to a tree
3. Things that are part of a cat or dog's life
4. Things related to a beverage
 

Answer: 
Group 1: ['MEOW', 'BARK', 'CLUCK', 'OINK']
Group 2: ['TRUNK', 'ROOT', 'BRANCH', 'BARK']
Group 3: ['DIRT', 'SCOOP', 'SKINNY', 'CHAI']
Group 4: ['COFFEE', 'COCOA', 'CHAI', 'TEA'] 

Reasoning: 
- Group 1: The words 'MEOW', 'BARK', 'CLUCK', and 'OINK' are sounds typically made by cats, dogs, chickens, and pigs, respectively. 
- Group 2: The words 'TRUNK', 'ROOT', 'BRANCH', and 'BARK' are all related to the structure and features of a tree. 
- Group 3: The words 'DIRT', 'SCOOP', 'SKINNY', and 'CHAI' could be related to a cat's or dog's life. A cat or dog may need to be scooped up"
"KINDS OF BEANS: ['KIDNEY', 'MUNG', 'NAVY', 'PINTO']
ATTRACT: ['DRAW', 'GRAB', 'HOOK', 'PULL']
AUTOMATIC GEAR SHIFTER POSITIONS: ['DRIVE', 'LOW', 'NEUTRAL', 'REVERSE']
___POOL: ['CAR', 'DEAD', 'LIVER', 'WHIRL']"," 
Group 1: 4 words that describe a mode of transportation
Group 2: 4 words that describe a type of vehicle
Group 3: 4 words that describe a type of drink
Group 4: 4 words that describe a type of bean
Answer:
 
Group 1: ['CAR', 'DRIVE', 'HOOK', 'PULL']
 
Group 2: ['REVERSE', 'LOW', 'LIVER', 'DEAD']
 
Group 3: ['PINTO', 'NEUTRAL', 'MUNG', 'NAVY']
 
Group 4: ['WHIRL', 'KIDNEY', 'HOOK', 'GRAB']
 
Explanation:
 
Reasoning skill: Inductive Reasoning
 
The question requires the test-taker to use inductive reasoning to identify patterns and relationships between words. The groups are not explicitly stated, and the test-taker must use their understanding of language and context to make connections between words.
 
In Group 1, the words 'CAR', 'DRIVE', 'HOOK', and 'PULL' are all related to modes of transportation, such as driving a car or pulling a hook.
 
In Group 2, the words 'REVERSE', '"
"WAYS TO GET FOOD: ['FARM', 'FISH', 'GATHER', 'HUNT']
KEEP APART: ['CLOISTER', 'SECLUDE', 'SEPARATE', 'SILO']
PARTS OF A BIG RIG: ['AXLES', 'HITCH', 'TRACTOR', 'TRAILER']
DANCE EVENTS PLUS A LETTER: ['BALLY', 'DISCOG', 'PROMO', 'RAVEN']"," 
1. Farm-related words
2. Disco-related words
3. Words related to hiding or separation
4. Words related to groups or collections

Answer:
1. FARM, SILO, TRACTOR, HITCH
2. DISCOG, PROMO, RAVEN, BALLY
3. SECLUDE, CLOISTER, SEPARATE, AXLES
4. GATHER, FISH, TRAILER, TRAILER
Explanation:
The answer is determined by identifying the relationships between the words in the given list. The groups are formed based on common themes or concepts that link the words together.

1. The first group consists of words related to farming, such as FARM, SILO, TRACTOR, and HITCH. These words are connected through their association with agricultural activities.

2. The second group consists of words related to the disco era, including DISCOG, PROMO, RAVEN, and BALLY. These words are linked by their association with disco culture.

3. The third group consists of words related to hiding or separation, such as SECLUDE, CLOISTER, SEPARATE, and AXLES. These words are connected by their meanings related to isolation or separation.

4."
"STEAL: ['NICK', 'PINCH', 'POCKET', 'SWIPE']
ATTENDANCE STATUS: ['ABSENT', 'EXCUSED', 'LATE', 'PRESENT']
FONT-MODIFYING WORDS: ['GOTHIC', 'ROMAN', 'SANS', 'TYPEWRITER']
___BERRY: ['CAPER', 'ELDER', 'GOOSE', 'LOGAN']"," 
1. Words that are a type of writing or script 
2. Words that have the word 'go' in them 
3. Words that are a type of fruit or food 
4. Words that are types of architectural styles 

Answer: 
Group 1: TYPEWRITER, ROMAN, GOTHIC, ELDER 
Group 2: SWIPE, GOOSE, NICK, PINCH 
Group 3: CAPER, POCKET, LOGAN, PRESENT 
Group 4: LATE, ABSENT, SANS, EXCUSED 

Reasoning: 
Group 1 was based on the list of words that could be associated with writing or scripts. TYPEWRITER is the most obvious choice, and ROMAN and GOTHIC are types of script or architectural styles. However, ELDER could be associated with the word 'elder script' which is a type of script. 
Group 2 was based on the list of words that have the word 'go' in them. SWIPE could be associated with the word 'swipe card' which often has a 'go' button. GOOSE is a bird that can be associated with the word 'goose the market'. NICK could be associated with the"
"PUBLICITY: ['ATTENTION', 'COVERAGE', 'EXPOSURE', 'PRESS']
POINT OF VIEW: ['ANGLE', 'LENS', 'PERSPECTIVE', 'POSITION']
WORK COMMUNICATION PLATFORMS: ['MEET', 'SLACK', 'TEAMS', 'ZOOM']
""___ ISLAND"": ['FANTASY', 'LOVE', 'SHUTTER', 'TREASURE']"," 
1. Words related to photography
2. Words related to fantasy
3. Words related to sports teams
4. Words related to love and relationships

1. Angle, Lens, Shutter, Zoom
2. Treasure, Fantasy, Love, Slack
3. Teams, Meet, Press, Expose
4. Coverage, Position, Perspective, Attention

1. Words like ""angle"", ""lens"", ""shutter"", and ""zoom"" are directly related to photography.
2. ""Treasure"", ""fantasy"", ""love"", and ""slack"" are all words that are associated with fantasy and romance.
3. ""Teams"", ""meet"", ""press"", and ""expose"" can be related to sports teams, as ""teams"" is a sports term, ""meet"" can refer to a sports meet, ""press"" can refer to the press box, and ""expose"" can refer to exposing a player's mistakes.
4. ""Coverage"", ""position"", ""perspective"", and ""attention"" are all words that are related to love and relationships, as ""coverage"" can refer to coverage of a partner, ""position"" can refer to a romantic position, ""perspective"" can refer to a change in perspective in a relationship"
"PHOTO: ['PIC', 'SHOT', 'SNAP', 'STILL']
ASSURE, AS A VICTORY: ['CINCH', 'ICE', 'LOCK', 'SECURE']
MOVE IN AN EFFORTLESS WAY: ['BREEZE', 'COAST', 'GLIDE', 'SAIL']
___ BLANKET: ['PICNIC', 'SECURITY', 'THROW', 'WET']"," 
Group 1: Words related to summer activities or weather
Group 2: Words related to water
Group 3: Words related to security
Group 4: Words related to the word 'snap'
 
Answer:
Group 1: ['PICNIC', 'BREEZE', 'CINCH', 'SNAP']
Group 2: ['WET', 'SAIL', 'GLIDE', 'ICE']
Group 3: ['SECURITY', 'SECURE', 'LOCK', 'SHOT']
Group 4: ['STILL', 'COAST', 'THROW', 'PIC']
 
Reasoning: 
To solve this puzzle, I looked for connections between the words and the given groupings. For Group 1, I noticed that the words 'PICNIC', 'BREEZE', 'CINCH', and 'SNAP' are all related to summer activities or weather. A picnic is a classic summer activity, a breeze is a common weather phenomenon during the summer, a cinch is a type of summer clothing, and snap is a verb that can mean to snap a towel after a swim, which is a common summer activity. 
For Group 2, I looked for words related to water, and found that 'W"
"AREA OF EXPERTISE: ['CONCENTRATION', 'FIELD', 'FOCUS', 'SPECIALTY']
WAYS TO UNLOCK A DEVICE: ['FACE', 'FINGERPRINT', 'PASSWORD', 'PIN']
PASTA SHAPES: ['EAR', 'ELBOW', 'RIBBON', 'WHEEL']
DOUBLE ___: ['AGENT', 'DRIBBLE', 'JEOPARDY', 'STANDARD']"," 
1. FINGERPRINT 
2. FIELD 
3. ELBOW 
4. PIN 

Answer:
 
Reasoning:
Group 1: The first group consists of words related to identification or verification. FINGERPRINT is a common method of identification, PIN is a Personal Identification Number used for verification, and FACE can be used in facial recognition technology.
 
Group 2: The second group consists of words related to a playing field or a surface where a game or activity takes place. FIELD is the most obvious choice, but ELBOW can refer to a surface or a court in certain games, and DRIBBLE can refer to a ball bouncing on a surface.
 
Group 3: The third group consists of words related to a specific skill or talent. SPECIALTY can refer to a specific skill or area of expertise, CONCENTRATION can refer to the ability to focus on a specific task, and FOCUS can refer to the act of concentrating on a specific point.
 
Group 4: The fourth group consists of words related to a competition or a challenge. RIBBON is often given as a prize in competitions, JEOPARDY is a game show where contestants compete for prizes, and FIELD can refer to the area where a competition takes"
"GOLF COURSE PARTS: ['BUNKER', 'FAIRWAY', 'GREEN', 'ROUGH']
""I GIVE!"": ['ENOUGH', 'MERCY', 'STOP', 'UNCLE']
INDECENT: ['BAWDY', 'BLUE', 'COARSE', 'RISQUE']
""-OUGH"" WORDS THAT DONâ€™T RHYME: ['BOUGH', 'COUGH', 'DOUGH', 'TOUGH']"," 
1. Words related to golf
2. Words related to medical conditions
3. Words related to harsh or unpleasant things
4. Words related to toughness or resilience

Answer:
 
1. ['GREEN', 'FAIRWAY', 'BUNKER', 'ROUGH']
2. ['COUGH', 'TOUGH', 'COARSE', 'COUGH']
3. ['BAWDY', 'RISQUE', 'MERCY', 'UNCLE']
4. ['ENOUGH', 'DOUGH', 'BOUGH', 'STOP']



Reasoning:
 
Group 1: Golf-related words are typically found in the context of the sport, and are often used in a specific way. 'GREEN' is a type of grass found on golf courses, 'FAIRWAY' is a type of terrain, 'BUNKER' is a hazard, and 'ROUGH' is a type of terrain that is difficult to navigate.
 
Group 2: Medical conditions are often related to specific bodily functions or sensations. 'COUGH' is a common symptom of illness, 'TOUGH' could be related to a physical challenge, 'COARSE' could be related to a rough texture, and 'COUGH' could be related to a medical condition.
"
"PLACES TO SHOP: ['MALL', 'MARKET', 'OUTLET', 'STORE']
WAYS TO REMOVE HAIR: ['SHAVE', 'THREAD', 'TWEEZE', 'WAX']
PORTION OF PROFIT: ['CUT', 'PIECE', 'SHARE', 'TAKE']
KINDS OF WRENCHES: ['ALLEN', 'CRESCENT', 'MONKEY', 'SOCKET']"," 
1. Hair removal and shaping
2. Hair cutting and styling
3. Shopping
4. Wrenches and sockets

 

Answer:
Group 1: ['TAKE', 'OUTLET', 'WAX', 'TWEEZE']
Group 2: ['SHAVE', 'THREAD', 'CUT', 'PIECE']
Group 3: ['ALLEN', 'MARKET', 'MALL', 'STORE']
Group 4: ['SOCKET', 'CRESCENT', 'MONKEY', 'SHAVE']

 
Reasoning:
 
Group 1 contains words related to hair removal and shaping. TAKE, OUTLET, WAX, and TWEEZE are all related to hair removal. 

Group 2 contains words related to hair cutting and styling. SHAVE, THREAD, CUT, and PIECE are all related to cutting and styling hair. 

Group 3 contains words related to shopping. ALLEN, MARKET, MALL, and STORE are all related to shopping. 

Group 4 contains words that are wrenches and sockets. SOCKET is a type of wrench, and CRESCENT is a type of socket. MONKEY is not a wrench or socket, but it is a wrench-like tool. SHAVE"
"GET RED IN THE FACE: ['BLUSH', 'BURN', 'FLUSH', 'GLOW']
CONTINUOUS: ['CONSECUTIVE', 'NONSTOP', 'SOLID', 'STRAIGHT']
FLAVOR ASSORTMENT: ['FLIGHT', 'PLATTER', 'SAMPLER', 'TASTING']
SITCOMS: ['BLOSSOM', 'COACH', 'COMMUNITY', 'FULL HOUSE']"," 
- Group 1: Words that describe a poker hand
- Group 2: Words that describe a vehicle or means of transportation
- Group 3: Words that describe an activity or event
- Group 4: Words that are related to the senses
Answer: 
1. 
FLUSH 
FULL HOUSE 
STRAIGHT 
BURN 

2. 
COACH 
NONSTOP 
FLIGHT 

3. 
COMMUNITY 
SAMPLER 
TASTING 

4. 
BLUSH 
BLOSSOM 
GLOW 
BURN 

Reasoning:
Group 1 is formed by selecting words that describe a poker hand. The words ""FLUSH"", ""FULL HOUSE"", and ""STRAIGHT"" are all types of poker hands, while ""BURN"" could be interpreted as a player ""burning"" their cards. 

Group 2 is formed by selecting words that describe a vehicle or means of transportation. The words ""COACH"", ""NONSTOP"", and ""FLIGHT"" are all types of transportation. 

Group 3 is formed by selecting words that describe an activity or event. The words ""COMMUNITY"", ""SAMPLER"", and ""TASTING"" could be interpreted as related to events or activities, such"
"TYPES OF RADIO: ['AM', 'HAM', 'SATELLITE', 'WALKIE-TALKIE']
KINDS OF PLAY FIGHTS: ['FOOD', 'PILLOW', 'SNOWBALL', 'WATER BALLOON']
SNACK CAKES: ['DEVIL DOG', 'DING DONG', 'HOHO', 'YODEL']
CLASSIC JOKE STAPLES: ['BAR', 'CHICKEN', 'KNOCK-KNOCK', 'LIGHT BULB']"," 

Group 1: ['DEVIL DOG', 'HOHO', 'YODEL', 'AM'] 
Group 2: ['DING DONG', 'FOOD', 'HAM', 'BAR'] 
Group 3: ['WATER BALLOON', 'SNOWBALL', 'KNOCK-KNOCK', 'WALKIE-TALKIE'] 
Group 4: ['PILLOW', 'CHICKEN', 'LIGHT BULB', 'SATELLITE']

Reasoning: 
The words in the list are generally everyday words. However, some of them have a certain ring to them that makes them stand out. The words that stand out are often colloquialisms or have a certain rhythm or sound that makes them memorable. 

Group 1 contains words that are colloquial or have a certain rhythm. 'DEVIL DOG' is a colloquial term for a Marine, 'HOHO' sounds like a fun and playful sound, 'YODEL' is a type of singing that is often associated with cowboy culture, and 'AM' is a word that is often used in radio and TV broadcasting. 

Group 2 contains words that are all related to food or drinks. 'DING"
"HOMOPHONES: ['BI', 'BUY', 'BY', 'BYE']
MUSCLES, INFORMALLY: ['AB', 'PEC', 'QUAD', 'TRI']
MUSIC GENRES: ['DUB', 'EMO', 'POP', 'TRAP']
SETTINGS ON AN APPLIANCE KNOB: ['HI', 'LO', 'MED', 'OFF']"," 
1. Emotion-based words
2. Words related to quadrilaterals
3. Words related to triangles
4. Words related to the number four
Answer: 
1. EMO, LO, POP, BYE
2. DUB, BI, PEC, TRI
3. QUAD, TRAP, MED, BY
4. OFF, AB, HI, BUY


Explanation: 
The correct groupings are based on the relationships between the words and the given categories. For the emotion-based words, we look for words that relate to feelings or emotions. For quadrilaterals, we look for words that relate to shapes or geometric figures. For triangles, we look for words that relate to the properties or characteristics of triangles. For the number four, we look for words that relate to the number 4 in some way.


The emotion-based words are LO (a colloquialism for ""love""), POP (a pop song can be emotionally charged), BYE (a goodbye can be emotional), and EMO (an abbreviation for ""emotional"" or referring to a subculture). 


The quadrilateral words are DUB (a type of quadrilateral), BI (a type of quadrilateral), PEC (a type of quadr"
"SHADES OF YELLOW: ['CANARY', 'GOLD', 'LEMON', 'MUSTARD']
SUPPLY: ['MINE', 'RESERVE', 'STORE', 'WELL']
ANTI-SPIRIT OF CHRISTMAS: ['BAH', 'COAL', 'GRINCH', 'NAUGHTY']
SPANISH WORDS: ['ELLA', 'GUSTO', 'MAYO', 'SOY']"," 
Group 1: ['SOY', 'BAH', 'GUSTO', 'MUSTARD']
Group 2: ['RESERVE', 'CANARY', 'LEMON', 'MINE']
Group 3: ['WELL', 'COAL', 'GOLD', 'MAYO']
Group 4: ['ELLA', 'STORE', 'NAUGHTY', 'GRINCH']

Answer: 
1. Each group has 4 words.
2. Each group is a valid English word.
3. Each group is a type of mustard.
4. Each group is a type of mine.
5. Each group is a type of reserve.
6. Each group is a type of store.
7. Each group is a type of gold.
8. Each group is a type of lemongrass.
9. Each group is a type of animal.
10. Each group is a type of coal.
11. Each group is a type of well.
12. Each group is a type of canary.
13. Each group is a type of gust.
14. Each group is a type of naive.
15. Each group is a type of naughty.
16. Each group is a type of grin.

Reasoning: 
The"
"LONG-HAIRED ANIMALS: ['AFGHAN', 'ALPACA', 'ANGORA', 'YAK']
PRATTLE ON: ['BLATHER', 'CHAT', 'JABBER', 'GAB']
SNEAKER BRANDS: ['CONVERSE', 'JORDAN', 'PUMA', 'VANS']
___ BALLOON: ['LEAD', 'SPEECH', 'TRIAL', 'WATER']"," 
1. Words that can be related to shoes or footwear
2. Words that can be related to animals
3. Words that can be related to a type of fabric or textile
4. Words that can be related to speech or communication

Answer: 
1. ['PUMA', 'VANS', 'CONVERSE', 'JORDAN']
2. ['YAK', 'ALPACA', 'ANGORA', 'AFGHAN']
3. ['TRIAL', 'SPEECH', 'BLATHER', 'GAB']
4. ['LEAD', 'WATER', 'CHAT', 'JABBER']



Reasoning:
1. The first group consists of words that are all brand names of shoes or footwear, which is a clear and direct connection between the words.

2. The second group consists of words that are all types of animals, which is a clear and direct connection between the words.

3. The third group consists of words that are all related to speech or communication, which is a clear and direct connection between the words.

4. The fourth group consists of words that are all related to speech or communication, but the connection is a bit more abstract. The word ""LEAD"" can refer to leading a conversation or"
"GIVE A TITLE TO: ['CALL', 'DUB', 'LABEL', 'NAME']
PARTS OF A FLIGHT: ['CRUISE', 'TAKEOFF', 'TAXI', 'TOUCHDOWN']
FEEL AROUND (FOR): ['FISH', 'FUMBLE', 'ROOT', 'RUMMAGE']
COUNTRIES MINUS FIRST LETTER: ['INLAND', 'OLIVIA', 'RAN', 'WANDA']"," 
Group 1: words that can be formed by rearranging the letters of TAKEOFF 
Group 2: words that can be formed by rearranging the letters of TAXI 
Group 3: words that can be formed by rearranging the letters of CRUISE 
Group 4: words that can be formed by rearranging the letters of DUB 
Answer: 
Group 1: ['FIRE', 'TAKEOFF']
Group 2: ['CAT', 'TAXI']
Group 3: ['CUES', 'CRUISE']
Group 4: ['BUD', 'DUB'] 

My reasoning: 
1. I will start by examining the first word TAKEOFF. 
2. I will look for words that can be formed by rearranging the letters of TAKEOFF. 
3. The letters of TAKEOFF can be rearranged to spell the words 'FIRE' and 'TAKEOFF'. 
4. I will repeat the process for the words TAXI, CRUISE, and DUB. 
5. I will look for words that can be formed by rearranging the letters of each of these words. 
6. For TAXI, the letters can be rearranged to spell the words 'CAT"
"WET WEATHER: ['HAIL', 'RAIN', 'SLEET', 'SNOW']
NBA TEAMS: ['BUCKS', 'HEAT', 'JAZZ', 'NETS']
KEYBOARD KEYS: ['OPTION', 'RETURN', 'SHIFT', 'TAB']
PALINDROMES: ['KAYAK', 'LEVEL', 'MOM', 'RACE CAR']"," 
- Words that are palindromes 
- Words that are the same when rotated
- Words that are the same when reflected
- Words that are the same when viewed from a different perspective

Answer: 
Group 1: 
SLEET
KAYAK
LEVEL
RACE CAR

Group 2: 
TAB
BUCKS
NETS
JAZZ

Group 3: 
HEAT
RAIN
SNOW
HAIL

Group 4: 
OPTION
SHIFT
RETURN
MOM

Reasoning: 
Group 1: 
These are the words that are the same when viewed from a different perspective. A palindrome is a word that is the same when viewed forward and backward, and the other words in this group are palindromes as well. 

Group 2: 
These are the words that are the same when rotated. A word that is the same when rotated is a type of anagram. 

Group 3: 
These are the words that are the same when reflected. The words in this group are spelled the same when reflected in a mirror. 

Group 4: 
These are the words that are the same when viewed from a different perspective. The words in this group are"
"SPRINKLE: ['DUST', 'PEPPER', 'SCATTER', 'SHOWER']
SCENTS OF WINE: ['AROMA', 'BOUQUET', 'NOSE', 'NOTE']
""AAH, ENOUGH!"": ['MERCY', 'STOP', 'TRUCE', 'UNCLE']
WORDS FAMOUSLY PRONOUNCED DIFFERENT WAYS: ['AUNT', 'EITHER', 'TOMATO', 'VASE']"," 

1. Objects
2. Things to do
3. Actions
4. Family relations

 
Group 1: ['VASE', 'SHOWER', 'TOMATO', 'PEPPER']

Explanation: 
This group contains objects. All of these words can be found in a physical space. They can be held in one's hand and are tangible. The words do not have a common action associated with them.

Group 2: ['SCATTER', 'STOP', 'TRUCE', 'MERCY']

Explanation: 
This group contains things to do. All of these words are verbs that can be performed by humans. They can be actions that one takes to resolve a conflict or to end a situation.

Group 3: ['EITHER', 'AUNT', 'UNCLE', 'NOSE']

Explanation: 
This group contains actions. While 'EITHER' can be used as a verb, it is more commonly used as a conjunction. However, the other three words can be used as actions. For example, one can take a sniff through one's nose.

Group 4: ['AROMA', 'BOUQUET', 'DUST', 'NOTE']

Explanation: 
This group contains family relations. While the words do not"
"SPICES: ['CLOVE', 'MACE', 'NUTMEG', 'PEPPER']
PERFORM POORLY: ['FLAIL', 'FLOP', 'FLOUNDER', 'TANK']
SKIM THROUGH, AS PAGES: ['FLIP', 'LEAF', 'RIFFLE', 'THUMB']
POP SINGERS MINUS ""S"": ['KEY', 'MAR', 'SPEAR', 'STYLE']"," 
1. Weapons 
2. Spices 
3. Fish 
4. Types of flip 

1. The words that refer to weapons in the game are MACE, SPEAR, FLAIL, RIFFLE.
2. Spices are CLOVE, NUTMEG, PEPPER.
3. The word that refers to a type of fish is FLOUNDER.
4. The words that refer to types of flips are FLIP, FLOP, THUMB. 
```python
import re

# Define the list of words
words = ['TANK', 'MACE', 'KEY', 'CLOVE', 'NUTMEG', 'PEPPER', 'THUMB', 'FLOUNDER', 'LEAF', 'MAR', 'SPEAR', 'FLAIL', 'FLIP', 'RIFFLE', 'STYLE', 'FLOP']

# Define the patterns for each group
patterns = [
    r'MACE|SPEAR|FLAIL|RIFFLE',  # Weapons
    r'CLOVE|NUTMEG|PEPPER',  # Spices
    r'^FLOUNDER$',  # Fish
    r'FLIP|FLOP|THUMB'"
"CENTRAL SECTION OF THE BODY: ['CORE', 'MIDRIFF', 'TORSO', 'TRUNK']
COMPONENTS OF A PIZZA: ['CHEESE', 'CRUST', 'SAUCE', 'TOPPINGS']
UNITS OF BEER: ['CASE', 'FORTY', 'GROWLER', 'SIX-PACK']
BASEBALL GREATS: ['BONDS', 'MANTLE', 'TROUT', 'YOUNG']"," 
Group 1: Words that are related to beer 
Group 2: Words that are related to pizza
Group 3: Words that are related to beer or its container
Group 4: Words that are related to the human body

Answer: 
1. CORE, CHEESE, SAUCE, CRUST
2. TOPPINGS, TRUNK, MANTLE, TORSO
3. SIX-PACK, GROWLER, BONDS, FORTY
4. YOUNG, MIDRIFF, TROUT, CASE
Reasoning: 
The problem requires the test-taker to identify and group words based on their relationships. 
In Group 1, the words 'CORE', 'CHEESE', 'SAUCE', and 'CRUST' are related to pizza, as they are the components of a pizza. 
In Group 2, the words 'TOPPINGS', 'TRUNK', 'MANTLE', and 'TORSO' are related to pizza, as 'TOPPINGS' is a type of pizza topping and the other three words have a similar sound or spelling to 'TORSO', which is a part of the human body, but could be a type of pizza topping"
"CREDENTIALS FOR ENTRY: ['BADGE', 'INVITE', 'PASS', 'TICKET']
PRESIDE OVER: ['CHAIR', 'DIRECT', 'LEAD', 'RUN']
AMERICAN FOOTBALL POSITIONS: ['CENTER', 'END', 'SAFETY', 'TACKLE']
POSTPONE: ['HOLD', 'PUNT', 'STALL', 'TABLE']"," 
1. Words that are related to sports (e.g. PASS, TACKLE, PUNT)
2. Words that are related to a specific event or setting (e.g. INVITE, TICKET, BADGE)
3. Words that are related to a specific type of object (e.g. CHAIR, TABLE, CENTER)
4. Words that are related to action or direction (e.g. RUN, LEAD, HOLD)

Answer:
 
1. PASS, TACKLE, PUNT, SAFETY
2. INVITE, TICKET, BADGE, STALL
3. CHAIR, TABLE, CENTER, END
4. RUN, LEAD, HOLD, DIRECT

Reasoning:
 
The first group consists of words related to sports, such as PASS, TACKLE, and PUNT, which are all actions or plays in football. SAFETY is also included because it is a type of score in football.

The second group consists of words related to a specific event or setting, such as INVITE, TICKET, and BADGE, which are all associated with a party or event. STALL is also included because it is a type of booth or stand often found at events.

The third group consists of words related"
"BIOMES: ['DESERT', 'FOREST', 'GRASSLAND', 'TUNDRA']
LIZARDS: ['CHAMELEON', 'GECKO', 'IGUANA', 'MONITOR']
YOGA POSES: ['COBRA', 'LOTUS', 'TREE', 'WARRIOR']
DANCES WHEN DOUBLED: ['CAN', 'CHA', 'GO', 'NAE']"," 
1. 4 animals 
2. 4 words that can be a prefix 
3. 4 words that can be a suffix 
4. 4 words that can be a type of habitat 

Answer:
 
 

Group 1:
* IGUANA
* GECKO
* COBRA
* CHAMELEON

Group 2:
* CHA
* CAN
* GO
* LOTUS

Group 3:
* NA
* WAR
* MON
* LOT

Group 4:
* DESERT
* GRASSLAND
* TUNDRA
* FOREST
```

## Step 1: Identify the animals in the given list.
The list contains several words that are names of animals. These include IGUANA, GECKO, COBRA, and CHAMELEON.

## Step 2: Identify the words that can be a prefix in the given list.
The list contains several words that can be a prefix. These include CHA, CAN, GO, and LOTUS.

## Step 3: Identify the words that can be a suffix in the given list.
The list contains several words that can be a suffix. These include NA, WAR, MON, and LOT.

##"
"REFINED SENSIBILITY: ['ELEGANCE', 'GRACE', 'STYLE', 'TASTE']
CATCH SOME RAYS: ['BAKE', 'BASK', 'SUN', 'TAN']
EMOTIONALLY SWAY: ['AFFECT', 'IMPACT', 'MOVE', 'TOUCH']
NUMBERS WITH FIRST LETTERS REPLACED BY ""S"": ['SEN', 'SIGHT', 'SINE', 'SOUR']"," 

1. Words that describe how something looks.
2. Words that describe a change in something.
3. Words that describe a quality of something.
4. Words that describe a way of doing something.

Answer:
1. SIGHT, STYLE, SINE, TOUCH
2. AFFECT, IMPACT, MOVE, BASK
3. GRACE, ELEGANCE, SEN, TAN
4. BAKE, SINE, TASTE, SOUR
```


Step 1: Analyzing the given list of words
The given list contains 15 words that seem to be related to various aspects of perception, change, and quality. Upon initial inspection, it's clear that some words can be grouped based on their meanings.

Step 2: Identifying the groups
Looking at the words, we can identify four possible groups based on their meanings:
1. Words that describe how something looks (e.g., SIGHT, STYLE, TOUCH)
2. Words that describe a change in something (e.g., AFFECT, IMPACT, MOVE)
3. Words that describe a quality of something (e.g., GRACE, ELEGANCE, SEN)
4. Words that describe a way of doing something (e.g., BAKE, TASTE"
"NECKWEAR: ['ASCOT', 'BOLO', 'SCARF', 'TIE']
SHIP DIRECTIONS: ['BOW', 'PORT', 'STARBOARD', 'STERN']
DETERGENTS: ['ALL', 'ERA', 'GAIN', 'TIDE']
___ TRIANGLE: ['ACUTE', 'BERMUDA', 'LOVE', 'RIGHT']"," 
1. Words that can be pronounced as a type of tie.
2. Words that can be pronounced as a type of gain.
3. Words that can be pronounced as a type of scar.
4. Words that can be pronounced as a type of tide.

Answer: 
Group 1: ['ASCOT', 'BOLO', 'SCARF', 'TIE']
Group 2: ['GAIN', 'RIGHT', 'STARBOARD', 'TIDE']
Group 3: ['ACUTE', 'BERMUDA', 'BOW', 'PORT']
Group 4: ['ERA', 'LOVE', 'STERN', 'TIE']



Reasoning:
1.  The first group contains words that can be pronounced as a type of tie. We can get this by looking at the words that sound similar to the word ""tie"". The words ""ascot"", ""bolo"", ""scarf"", and ""tie"" all have a similar pronunciation to ""tie"".
2.  The second group contains words that can be pronounced as a type of gain. We can get this by looking at the words that sound similar to the word ""gain"". The words ""gain"", ""right"", ""starboard"", and ""tide"" all"
"COVER WITH A THICK LAYER: ['CAKE', 'COAT', 'PLASTER', 'SMEAR']
THINGS THAT ARE INFLATED: ['BALLOON', 'BASKETBALL', 'FLOATIE', 'TIRE']
KINDS OF CHARTS: ['BAR', 'BUBBLE', 'LINE', 'PIE']
CLASSIC COCKTAIL TYPES: ['FIZZ', 'PUNCH', 'SLING', 'SOUR']"," 
1. Words that describe a type of drink 
2. Words that describe a type of dessert 
3. Words that describe a type of vehicle 
4. Words that describe a type of sport 

Answer: 
1. FIZZ, PUNCH, COAT, SOUR 
2. CAKE, PIE, FIZZ, BALLOON 
3. TIRE, BAR, FLOATIE, BASKETBALL 
4. SLING, PLASTER, SMEAR, BUBBLE 

Reasoning: 
The given list of words can be grouped into 4 categories. 
Category 1: Words that describe a type of drink. 
The words FIZZ and PUNCH are both related to drinks. COAT could be referring to a layer on top of a drink, and SOUR is a flavor of drink. 
Category 2: Words that describe a type of dessert. 
The words CAKE and PIE are both types of desserts. FIZZ could be referring to a type of topping, and BALLOON could be referring to a type of cake decoration. 
Category 3: Words that describe a type of vehicle. 
The words TIRE and BAR could be referring to parts of a vehicle. FLOATIE is a type"
"INTANGIBLE QUALITY: ['AIR', 'AURA', 'HALO', 'VIBE']
GAME DAY FARE: ['BEER', 'DIP', 'PIZZA', 'WINGS']
KEEP GOING ON ABOUT, WITH ""ON"": ['DWELL', 'HARP', 'INSIST', 'LINGER']
STARTING WITH EUROPEAN CAPITALS: ['BERNIE', 'PARISH', 'RIGATONI', 'ROMEO']"," 
Group 1: Words that end with the suffix '-ate' 
Group 2: Words that start with the letters 'RI'
Group 3: Words that have the letters 'IN' in them
Group 4: Words that have the letters 'AR' in them
Answer: 
Group 1: ['INSIST', 'DWELL', 'LINGER', 'PARISH']
Group 2: ['RIGATONI', 'ROMEO', 'RIGATONI', 'ROMEO']
Group 3: ['DWELL', 'LINGER', 'INSIST', 'PARISH']
Group 4: ['HARP', 'AIR', 'DWELL', 'LINGER']
 
 Reasoning: 
 1. Group 1: The suffix '-ate' is a common suffix in many English words. The words in this group end with the suffix '-ate' which makes them similar in meaning and sound. The words in this group are all verbs, which indicates that they are all actions. This group is cohesive and makes sense.
 2. Group 2: The words that start with the letters 'RI' are more difficult to find because they are not as common as other prefixes or suffixes. However, the"
"CONTEMPLATE: ['BROOD', 'MUSE', 'PONDER', 'REFLECT']
RUDE THINGS TO DO: ['INTERRUPT', 'LITTER', 'POINT', 'STARE']
VOCATION: ['CRAFT', 'LINE', 'TRADE', 'WORK']
___ PATCH: ['CABBAGE', 'NICOTINE', 'ROUGH', 'SOUL']"," 
Group 1: words related to daydreaming
Group 2: words related to paying attention or being focused
Group 3: words related to making something or taking action
Group 4: words related to looking or gazing

Answer:
Group 1: ['MUSE', 'BROOD', 'PONDER', 'STARE']
Group 2: ['LINE', 'POINT', 'CRAFT', 'TRADE']
Group 3: ['WORK', 'CABBAGE', 'ROUGH', 'LITTER']
Group 4: ['REFLECT', 'INTERRUPT', 'NICOTINE', 'SOUL'] 
Reasoning:
Group 1: The words 'MUSE', 'BROOD', 'PONDER', and 'STARE' are all related to daydreaming. 'MUSE' is a source of inspiration, 'BROOD' means to think deeply, 'PONDER' means to think carefully, and 'STARE' means to gaze blankly. 
Group 2: The words 'LINE', 'POINT', 'CRAFT', and 'TRADE' are all related to paying attention or being focused. 'LINE' can refer to a straight path, 'POINT' can"
"CAPTIVATE: ['ABSORB', 'ENTRANCE', 'GRAB', 'RIVET']
THINGS WITH WINGS: ['AIRPLANE', 'FAIRY', 'FLY', 'HOSPITAL']
WORDS THAT MODIFY ""WATCH"": ['POCKET', 'SMART', 'STOP', 'WRIST']
WORDS REPEATED IN ""MISS MARY MACK"": ['BACK', 'BLACK', 'BUTTONS', 'MACK']"," 
Group 1: Words that have the same length
Group 2: Words that are synonyms for each other
Group 3: Words that have the same suffix
Group 4: Words that have the same prefix
 
Group 1: 
1. BACK
2. BLACK
3. STOP
4. RIVET
 
Group 2: 
1. SMART
2. FLY
3. GRAB
4. ABSORB
 
Group 3: 
1. BUTTONS
2. POCKET
3. ENTRANCE
4. MACK
 
Group 4: 
1. AIRPLANE
2. HOSPITAL
3. FAIRY
4. SMART
 
 
Answer: 
 
Group 1: BACK, BLACK, STOP, RIVET
Group 2: SMART, FLY, GRAB, ABSORB
Group 3: BUTTONS, POCKET, ENTRANCE, MACK
Group 4: AIRPLANE, HOSPITAL, FAIRY, SMART
 
Explanation: 
 
Group 1: The length of each word in this group is 4 characters. 
Group 2: SMART is an adjective meaning intelligent, FLY means to travel through"